{"main":"default-error-responses-trait.raml","name":"default-error-responses-trait","organizationId":"813cde1d-689b-4689-91c2-c9f408772769","groupId":"813cde1d-689b-4689-91c2-c9f408772769","assetId":"default-error-responses-trait","version":"1.0.0","metadata":{"branchId":"master","commitId":"3a18106405569c90f62c8d2e9a4fabe9d0bbda5c","projectId":"892c3401-52cf-49ea-aaa9-e9b127917482"},"classifier":"raml-fragment","dependencies":[{"assetId":"error-response-datatype","groupId":"813cde1d-689b-4689-91c2-c9f408772769","version":"1.0.0"}],"tags":[],"originalFormatVersion":"1.0"}