{"main":"dvt-sys-office-plans.raml","name":"dvt-sys-office-plan","organizationId":"813cde1d-689b-4689-91c2-c9f408772769","groupId":"813cde1d-689b-4689-91c2-c9f408772769","assetId":"dvt-sys-office-plan","version":"1.0.2","metadata":{"branchId":"master","commitId":"9995fcb4f9e29ee933748b2d3ea0555707d3287a","projectId":"c1d12bfb-1500-4219-a94a-915729dddb3f"},"apiVersion":"v1","classifier":"raml","dependencies":[{"assetId":"default-error-responses-trait","groupId":"813cde1d-689b-4689-91c2-c9f408772769","version":"1.0.0"},{"assetId":"client-id-enforcement-trait","groupId":"813cde1d-689b-4689-91c2-c9f408772769","version":"1.0.0"},{"assetId":"building-datatype","groupId":"813cde1d-689b-4689-91c2-c9f408772769","version":"1.0.5"}],"tags":[],"originalFormatVersion":"1.0"}