{"main":"dvt-prc-allocation.raml","name":"dvt-prc-allocation","classifier":"raml","tags":[],"dependencies":[{"groupId":"813cde1d-689b-4689-91c2-c9f408772769","assetId":"client-id-enforcement-trait","version":"1.0.0"},{"groupId":"813cde1d-689b-4689-91c2-c9f408772769","assetId":"default-error-responses-trait","version":"1.0.0"},{"groupId":"813cde1d-689b-4689-91c2-c9f408772769","assetId":"200-ok-response-trait","version":"1.0.0"}],"groupId":"813cde1d-689b-4689-91c2-c9f408772769","assetId":"dvt-prc-allocation","version":"1.0.0","apiVersion":"v1","originalFormatVersion":"1.0","metadata":{"projectId":"cf0a54ce-ad8e-4aeb-b13f-05a7a0cedacc","branchId":"master","commitId":"9a50d00a5044474918730833cd08bd9e1b2e866a"}}