{"main":"201-created-response-trait.raml","name":"201-created-response-trait","organizationId":"813cde1d-689b-4689-91c2-c9f408772769","groupId":"813cde1d-689b-4689-91c2-c9f408772769","assetId":"201-created-response-trait","version":"1.0.1","metadata":{"branchId":"master","commitId":"27b70fda9cf603b497ef272d680419926ebc7dc6","projectId":"e3ee4b4c-cf60-4529-8ad9-aa61a51d3aed"},"classifier":"raml-fragment","dependencies":[{"assetId":"success-response-datatype","groupId":"813cde1d-689b-4689-91c2-c9f408772769","version":"1.0.0"}],"tags":[],"originalFormatVersion":"1.0"}