{"main":"dvt-sys-bookings.raml","name":"dvt-sys-bookings","classifier":"raml","tags":[],"dependencies":[{"groupId":"813cde1d-689b-4689-91c2-c9f408772769","assetId":"default-error-responses-trait","version":"1.0.0"},{"groupId":"813cde1d-689b-4689-91c2-c9f408772769","assetId":"201-created-response-trait","version":"1.0.1"},{"groupId":"813cde1d-689b-4689-91c2-c9f408772769","assetId":"client-id-enforcement-trait","version":"1.0.0"},{"groupId":"813cde1d-689b-4689-91c2-c9f408772769","assetId":"200-ok-response-trait","version":"1.0.0"},{"groupId":"813cde1d-689b-4689-91c2-c9f408772769","assetId":"booking-datatype","version":"1.0.2"},{"groupId":"813cde1d-689b-4689-91c2-c9f408772769","assetId":"intention-datatype","version":"1.0.5"},{"groupId":"813cde1d-689b-4689-91c2-c9f408772769","assetId":"availability-datatype","version":"1.0.8"}],"groupId":"813cde1d-689b-4689-91c2-c9f408772769","assetId":"dvt-sys-bookings","version":"1.0.13","apiVersion":"v1","originalFormatVersion":"1.0","metadata":{"projectId":"6879381e-fb83-459c-8d4b-6a229e447a88","branchId":"master","commitId":"34b1d07c74cfd40961784d9cd30c364050c8808e"}}