{"main":"room-datatype.raml","name":"room-datatype","organizationId":"813cde1d-689b-4689-91c2-c9f408772769","groupId":"813cde1d-689b-4689-91c2-c9f408772769","assetId":"room-datatype","version":"1.0.8","metadata":{"branchId":"master","commitId":"caef78d8c24c6dee9fc77cd6446c58171f37b21f","projectId":"772e8bd3-0ce8-4f38-8790-5ca4cf7c7eb8"},"classifier":"raml-fragment","dependencies":[{"assetId":"equipment-datatype","groupId":"813cde1d-689b-4689-91c2-c9f408772769","version":"1.0.0"},{"assetId":"desk-datatype","groupId":"813cde1d-689b-4689-91c2-c9f408772769","version":"1.0.5"}],"tags":[],"originalFormatVersion":"1.0"}