{"main":"dvt-sys-notification.raml","name":"dvt-sys-notification","organizationId":"813cde1d-689b-4689-91c2-c9f408772769","groupId":"813cde1d-689b-4689-91c2-c9f408772769","assetId":"dvt-sys-notification","version":"1.0.0","metadata":{"branchId":"master","commitId":"774fdd3312b7f5bb6f81c8ed39e8d3d65d936f1a","projectId":"df6a43ac-4a2e-4bc5-9d7e-55e6ec38ea22"},"apiVersion":"v1","classifier":"raml","dependencies":[{"assetId":"200-ok-response-trait","groupId":"813cde1d-689b-4689-91c2-c9f408772769","version":"1.0.0"},{"assetId":"default-error-responses-trait","groupId":"813cde1d-689b-4689-91c2-c9f408772769","version":"1.0.0"},{"assetId":"client-id-enforcement-trait","groupId":"813cde1d-689b-4689-91c2-c9f408772769","version":"1.0.0"}],"tags":[],"originalFormatVersion":"1.0"}