{"main":"dvt-sys-employees.raml","name":"dvt-sys-employees","classifier":"raml","tags":[],"dependencies":[{"groupId":"813cde1d-689b-4689-91c2-c9f408772769","assetId":"default-error-responses-trait","version":"1.0.0"},{"groupId":"813cde1d-689b-4689-91c2-c9f408772769","assetId":"hr-employee-datatype","version":"1.0.1"},{"groupId":"813cde1d-689b-4689-91c2-c9f408772769","assetId":"hr-employment-datatype","version":"1.0.0"},{"groupId":"813cde1d-689b-4689-91c2-c9f408772769","assetId":"client-id-enforcement-trait","version":"1.0.0"},{"groupId":"813cde1d-689b-4689-91c2-c9f408772769","assetId":"hr-team-datatype","version":"1.0.0"}],"groupId":"813cde1d-689b-4689-91c2-c9f408772769","assetId":"dvt-sys-employees","version":"1.0.1","apiVersion":"v1","originalFormatVersion":"1.0","metadata":{"projectId":"e8c369f7-b1c6-4bd9-8476-fb6fb0c27a86","branchId":"master","commitId":"491dafaf0c97b72177ec63475ebeb2fdad2f1b5a"}}