{"main":"building-datatype.raml","name":"building-datatype","organizationId":"813cde1d-689b-4689-91c2-c9f408772769","groupId":"813cde1d-689b-4689-91c2-c9f408772769","assetId":"building-datatype","version":"1.0.5","metadata":{"branchId":"master","commitId":"1671995931ce4f9ad3885db9b2506af6d1be6f03","projectId":"daaa27a7-8ee9-4f0e-a679-6b37363483bc"},"classifier":"raml-fragment","dependencies":[{"assetId":"room-datatype","groupId":"813cde1d-689b-4689-91c2-c9f408772769","version":"1.0.8"},{"assetId":"address-datatype","groupId":"813cde1d-689b-4689-91c2-c9f408772769","version":"1.0.2"}],"tags":[],"originalFormatVersion":"1.0"}