{"main":"200-ok-response-trait.raml","name":"200-ok-response-trait","organizationId":"813cde1d-689b-4689-91c2-c9f408772769","groupId":"813cde1d-689b-4689-91c2-c9f408772769","assetId":"200-ok-response-trait","version":"1.0.0","metadata":{"branchId":"master","commitId":"ee131a61f394027e8864a44202fa30a6b2752e84","projectId":"9c7730f4-97b5-41d7-9258-d09c28d19379"},"classifier":"raml-fragment","dependencies":[{"assetId":"success-response-datatype","groupId":"813cde1d-689b-4689-91c2-c9f408772769","version":"1.0.0"}],"tags":[],"originalFormatVersion":"1.0"}