{"main":"dvt-util-common-scheduler.raml","name":"dvt-util-common-scheduler","classifier":"raml","tags":[],"dependencies":[{"groupId":"813cde1d-689b-4689-91c2-c9f408772769","assetId":"client-id-enforcement-trait","version":"1.0.0"},{"groupId":"813cde1d-689b-4689-91c2-c9f408772769","assetId":"default-error-responses-trait","version":"1.0.0"},{"groupId":"813cde1d-689b-4689-91c2-c9f408772769","assetId":"200-ok-response-trait","version":"1.0.0"}],"groupId":"813cde1d-689b-4689-91c2-c9f408772769","assetId":"dvt-util-common-scheduler","version":"1.0.0","apiVersion":"v1","originalFormatVersion":"1.0","metadata":{"projectId":"2dfb0b5d-17ab-42fa-891d-30c6cce3fb58","branchId":"master","commitId":"75dd268d49bac1958e78b36304fba5f9a779798a"}}