{"main":"dvt-prc-intention.raml","name":"dvt-prc-intention","classifier":"raml","tags":[],"dependencies":[{"groupId":"813cde1d-689b-4689-91c2-c9f408772769","assetId":"default-error-responses-trait","version":"1.0.0"},{"groupId":"813cde1d-689b-4689-91c2-c9f408772769","assetId":"201-created-response-trait","version":"1.0.1"},{"groupId":"813cde1d-689b-4689-91c2-c9f408772769","assetId":"client-id-enforcement-trait","version":"1.0.0"},{"groupId":"813cde1d-689b-4689-91c2-c9f408772769","assetId":"200-ok-response-trait","version":"1.0.0"},{"groupId":"813cde1d-689b-4689-91c2-c9f408772769","assetId":"intention-datatype","version":"1.0.5"},{"groupId":"813cde1d-689b-4689-91c2-c9f408772769","assetId":"hr-employee-datatype","version":"1.0.1"},{"groupId":"813cde1d-689b-4689-91c2-c9f408772769","assetId":"intent-request-datatype","version":"1.0.9"}],"groupId":"813cde1d-689b-4689-91c2-c9f408772769","assetId":"dvt-prc-intention","version":"1.0.18","apiVersion":"v1","originalFormatVersion":"1.0","metadata":{"projectId":"2d6063a0-478d-4776-b87d-fe0857d46dc3","branchId":"master","commitId":"efa45b6def8fc9341667f5bdb40d985376b15893"}}